{
    "Detroit Pistons @ Boston Celtics": {
        "home_win": 0.5,
        "away_win": 0.5,
        "sgp_implied": [
            0.5,
            0.5,
            0.5,
            0.5
        ],
        "sgp_fairs": [
            0.25,
            0.25,
            0.25,
            0.25
        ],
        "edge": [
            -0.5,
            -0.5,
            -0.5,
            -0.5
        ],
        "kelly": [
            -0.5,
            -0.5,
            -0.5,
            -0.5
        ]
    },
    "Indiana Pacers @ Brooklyn Nets": {
        "home_win": 0.5108342361863488,
        "away_win": 0.4891657638136511,
        "sgp_implied": [
            0.5,
            0.5,
            0.5,
            0.5
        ],
        "sgp_fairs": [
            0.2554171180931744,
            0.2554171180931744,
            0.24458288190682556,
            0.24458288190682556
        ],
        "edge": [
            -0.4891657638136512,
            -0.4891657638136512,
            -0.5108342361863489,
            -0.5108342361863489
        ],
        "kelly": [
            -0.4891657638136512,
            -0.4891657638136512,
            -0.5108342361863489,
            -0.5108342361863489
        ]
    },
    "Los Angeles Lakers @ Miami Heat": {
        "home_win": 0.5,
        "away_win": 0.5,
        "sgp_implied": [
            0.5,
            0.5,
            0.5,
            0.5
        ],
        "sgp_fairs": [
            0.25,
            0.25,
            0.25,
            0.25
        ],
        "edge": [
            -0.5,
            -0.5,
            -0.5,
            -0.5
        ],
        "kelly": [
            -0.5,
            -0.5,
            -0.5,
            -0.5
        ]
    },
    "Orlando Magic @ Philadelphia 76ers": {
        "home_win": 0.5108342361863488,
        "away_win": 0.4891657638136511,
        "sgp_implied": [
            0.5,
            0.5,
            0.5,
            0.5
        ],
        "sgp_fairs": [
            0.2554171180931744,
            0.2554171180931744,
            0.24458288190682556,
            0.24458288190682556
        ],
        "edge": [
            -0.4891657638136512,
            -0.4891657638136512,
            -0.5108342361863489,
            -0.5108342361863489
        ],
        "kelly": [
            -0.4891657638136512,
            -0.4891657638136512,
            -0.5108342361863489,
            -0.5108342361863489
        ]
    },
    "Atlanta Hawks @ Milwaukee Bucks": {
        "home_win": 0.5,
        "away_win": 0.5,
        "sgp_implied": [
            0.5,
            0.5,
            0.5,
            0.5
        ],
        "sgp_fairs": [
            0.25,
            0.25,
            0.25,
            0.25
        ],
        "edge": [
            -0.5,
            -0.5,
            -0.5,
            -0.5
        ],
        "kelly": [
            -0.5,
            -0.5,
            -0.5,
            -0.5
        ]
    },
    "Minnesota @ LA": {
        "home_win": 0.5,
        "away_win": 0.5,
        "sgp_implied": [
            0.5,
            0.5,
            0.5,
            0.5
        ],
        "sgp_fairs": [
            0.25,
            0.25,
            0.25,
            0.25
        ],
        "edge": [
            -0.5,
            -0.5,
            -0.5,
            -0.5
        ],
        "kelly": [
            -0.5,
            -0.5,
            -0.5,
            -0.5
        ]
    }
}